{
  "source": "spm_int_assb_cycle.py v3",
  "record_csv": "C:\\Users\\Tiga_QJW\\Desktop\\ZHB_realDATA\\record_extracted.csv",
  "cycle": 5,
  "n_t": 925,
  "n_r": 64,
  "tmax_s": 9232.0,
  "I_min_A": -0.00033,
  "I_max_A": 0.00033,
  "capacity_charge_Ah": 0.00044226874999999993,
  "capacity_discharge_Ah": 0.0003931776388888888,
  "capacity_used_Ah": 0.0004177231944444444,
  "T_K": 303.15,
  "csanmax": 6.0,
  "cscamax": 51.8,
  "theta_a0": 0.45,
  "theta_c0": 0.9,
  "theta_c_bottom_v3": 0.834,
  "theta_c_top_v3": 0.432,
  "R_ohm_eff_v3": 105.0,
  "voltage_alignment_offset_V": -0.11588681607942332,
  "voltage_calibration_mode": "balanced",
  "voltage_calibration_MAE_V": 0.045597843818968524,
  "voltage_calibration_RMSE_V": 0.07445229631030224,
  "voltage_calibration_MAXABS_V": 0.37004739347854754,
  "voltage_calibration_mean_error_V": 9.601928861622976e-18,
  "ocp_source_dir": "C:\\Users\\Tiga_QJW\\Desktop\\ASSB_Scheme_V1\\ocp_estimation_outputs",
  "ocp_positive_min_V": 3.487502013984152,
  "ocp_positive_max_V": 4.254007421977475,
  "ocp_negative_min_V": 0.6246405571428566,
  "ocp_negative_max_V": 0.6246405571428566,
  "cathode_effective_capacity_Ah": 0.0009595356359193445,
  "Rs_a_m": 5e-05,
  "Rs_c_m": 1.8e-06,
  "eps_s_a": 0.95,
  "eps_s_c": 0.55,
  "V_a_m3": 7.853981633974483e-09,
  "V_c_m3": 1.2566370614359171e-09,
  "deg_i0_a": 1.0,
  "deg_ds_c": 1.0,
  "sanity_checks": {
    "theta_a_min": 0.45,
    "theta_a_max": 0.8469604282860054,
    "theta_c_min": 0.43184186869811686,
    "theta_c_max": 0.9,
    "V_model_min": 2.506884107012498,
    "V_model_max": 3.7465719363719545,
    "Uocp_c_min": 3.487502013984152,
    "Uocp_c_max": 4.254007421977475,
    "Uocp_a_min": 0.6246405571428566,
    "Uocp_a_max": 0.6246405571428566,
    "V_exp_min": 2.1934,
    "V_exp_max": 3.6795,
    "V_mae_model_exp": 0.04559784381896854,
    "V_rmse_model_exp": 0.07445229631030229,
    "V_maxabs_model_exp": 0.37004739347854754,
    "V_mean_error_model_exp": -1.0370083170552814e-16,
    "V_corr_model_exp": 0.9723991510221722
  }
}