{
  "debug_first_batch": {
    "phie": {
      "variable": "phie",
      "out_index": 0,
      "first_x_rows": [
        [
          0.0
        ],
        [
          10.0
        ],
        [
          20.0
        ],
        [
          30.0
        ],
        [
          40.0
        ]
      ],
      "first_x_params_rows": [
        [
          1.0,
          1.0
        ],
        [
          1.0,
          1.0
        ],
        [
          1.0,
          1.0
        ],
        [
          1.0,
          1.0
        ],
        [
          1.0,
          1.0
        ]
      ],
      "radial_scale_key": "rescale_R",
      "radial_scale_used": 5e-05,
      "global_rescale_R": 5e-05,
      "first_t_over_rescale_T": [
        [
          0.0
        ],
        [
          0.0010831889081455806
        ],
        [
          0.002166377816291161
        ],
        [
          0.0032495667244367417
        ],
        [
          0.004332755632582322
        ]
      ],
      "first_r_over_radial_scale": [
        [
          0.0
        ],
        [
          0.0
        ],
        [
          0.0
        ],
        [
          0.0
        ],
        [
          0.0
        ]
      ],
      "first_raw": [
        0.016008057609388813,
        0.01588846910332121,
        0.015768230376366425,
        0.015647341687988165,
        0.015525803670367964
      ],
      "first_pred": [
        -0.43207366690370846,
        -0.42889638470698127,
        -0.4289202821800696,
        -0.42894445394671465,
        -0.42896875564584525
      ],
      "first_label": [
        -0.43207366690370846,
        -0.43207366690370846,
        -0.43207366690370846,
        -0.43207366690370846,
        -0.43207366690370846
      ]
    },
    "phis_c": {
      "variable": "phis_c",
      "out_index": 1,
      "first_x_rows": [
        [
          0.0
        ],
        [
          10.0
        ],
        [
          20.0
        ],
        [
          30.0
        ],
        [
          40.0
        ]
      ],
      "first_x_params_rows": [
        [
          1.0,
          1.0
        ],
        [
          1.0,
          1.0
        ],
        [
          1.0,
          1.0
        ],
        [
          1.0,
          1.0
        ],
        [
          1.0,
          1.0
        ]
      ],
      "radial_scale_key": "rescale_R",
      "radial_scale_used": 5e-05,
      "global_rescale_R": 5e-05,
      "first_t_over_rescale_T": [
        [
          0.0
        ],
        [
          0.0010831889081455806
        ],
        [
          0.002166377816291161
        ],
        [
          0.0032495667244367417
        ],
        [
          0.004332755632582322
        ]
      ],
      "first_r_over_radial_scale": [
        [
          0.0
        ],
        [
          0.0
        ],
        [
          0.0
        ],
        [
          0.0
        ],
        [
          0.0
        ]
      ],
      "first_raw": [
        0.06164852252162563,
        0.061305553702567864,
        0.06096653358694741,
        0.06063146264937336,
        0.060300341134415056
      ],
      "first_pred": [
        3.1234014367438947,
        3.137700307226119,
        3.1395868482916067,
        3.1413840342669155,
        3.143105520433745
      ],
      "first_label": [
        3.123401436743895,
        3.132737349182865,
        3.1368964553839764,
        3.1399893434272017,
        3.142555070999599
      ]
    },
    "cs_a": {
      "variable": "cs_a",
      "out_index": 2,
      "first_x_rows": [
        [
          0.0,
          0.0
        ],
        [
          0.0,
          7.936507936507937e-07
        ],
        [
          0.0,
          1.5873015873015873e-06
        ],
        [
          0.0,
          2.380952380952381e-06
        ],
        [
          0.0,
          3.1746031746031746e-06
        ]
      ],
      "first_x_params_rows": [
        [
          1.0,
          1.0
        ],
        [
          1.0,
          1.0
        ],
        [
          1.0,
          1.0
        ],
        [
          1.0,
          1.0
        ],
        [
          1.0,
          1.0
        ]
      ],
      "radial_scale_key": "rescale_R_a",
      "radial_scale_used": 5e-05,
      "global_rescale_R": 5e-05,
      "first_t_over_rescale_T": [
        [
          0.0
        ],
        [
          0.0
        ],
        [
          0.0
        ],
        [
          0.0
        ],
        [
          0.0
        ]
      ],
      "first_r_over_radial_scale": [
        [
          0.0
        ],
        [
          0.015873015873015872
        ],
        [
          0.031746031746031744
        ],
        [
          0.04761904761904762
        ],
        [
          0.06349206349206349
        ]
      ],
      "first_raw": [
        0.11163727876229426,
        0.11208404728609254,
        0.11231833188138375,
        0.11234962830611135,
        0.1121875835451641
      ],
      "first_pred": [
        2.7,
        2.7,
        2.7,
        2.7,
        2.7
      ],
      "first_label": [
        2.7,
        2.7,
        2.7,
        2.7,
        2.7
      ]
    },
    "cs_c": {
      "variable": "cs_c",
      "out_index": 3,
      "first_x_rows": [
        [
          0.0,
          0.0
        ],
        [
          0.0,
          2.857142857142857e-08
        ],
        [
          0.0,
          5.714285714285714e-08
        ],
        [
          0.0,
          8.57142857142857e-08
        ],
        [
          0.0,
          1.1428571428571427e-07
        ]
      ],
      "first_x_params_rows": [
        [
          1.0,
          1.0
        ],
        [
          1.0,
          1.0
        ],
        [
          1.0,
          1.0
        ],
        [
          1.0,
          1.0
        ],
        [
          1.0,
          1.0
        ]
      ],
      "radial_scale_key": "rescale_R_c",
      "radial_scale_used": 1.8e-06,
      "global_rescale_R": 5e-05,
      "first_t_over_rescale_T": [
        [
          0.0
        ],
        [
          0.0
        ],
        [
          0.0
        ],
        [
          0.0
        ],
        [
          0.0
        ]
      ],
      "first_r_over_radial_scale": [
        [
          0.0
        ],
        [
          0.015873015873015872
        ],
        [
          0.031746031746031744
        ],
        [
          0.047619047619047616
        ],
        [
          0.06349206349206349
        ]
      ],
      "first_raw": [
        0.03737423264635015,
        0.037390955709030636,
        0.03738146926238779,
        0.03734468056736648,
        0.037279638371991275
      ],
      "first_pred": [
        46.62,
        46.62,
        46.62,
        46.62,
        46.62
      ],
      "first_label": [
        46.62,
        46.62,
        46.62,
        46.62,
        46.62
      ]
    }
  },
  "datasets": {
    "phie": {
      "keys": [
        "x_train",
        "y_train",
        "x_params_train"
      ],
      "x_train_shape": [
        925,
        1
      ],
      "t_stats": {
        "n": 925,
        "min": 0.0,
        "max": 9232.0,
        "mean": 4616.647567567567,
        "std": 2667.205864045141
      },
      "y_train_shape": [
        925,
        1
      ],
      "y_stats": {
        "n": 925,
        "min": -0.8172074473820048,
        "max": -0.43207366690370846,
        "mean": -0.6132939040456957,
        "std": 0.1908448851285778
      },
      "x_params_train_shape": [
        925,
        2
      ]
    },
    "phis_c": {
      "keys": [
        "x_train",
        "y_train",
        "x_params_train"
      ],
      "x_train_shape": [
        925,
        1
      ],
      "t_stats": {
        "n": 925,
        "min": 0.0,
        "max": 9232.0,
        "mean": 4616.647567567567,
        "std": 2667.205864045141
      },
      "y_train_shape": [
        925,
        1
      ],
      "y_stats": {
        "n": 925,
        "min": 2.6739798672249164,
        "max": 3.6569615035560616,