{
  "debug_first_batch": {
    "phie": {
      "variable": "phie",
      "out_index": 0,
      "first_x_rows": [
        [
          0.0
        ],
        [
          10.0
        ],
        [
          20.0
        ],
        [
          30.0
        ],
        [
          40.0
        ]
      ],
      "first_x_params_rows": [
        [
          1.0,
          1.0
        ],
        [
          1.0,
          1.0
        ],
        [
          1.0,
          1.0
        ],
        [
          1.0,
          1.0
        ],
        [
          1.0,
          1.0
        ]
      ],
      "first_t_over_rescale_T": [
        [
          0.0
        ],
        [
          0.0010831889081455806
        ],
        [
          0.002166377816291161
        ],
        [
          0.0032495667244367417
        ],
        [
          0.004332755632582322
        ]
      ],
      "first_r_over_rescale_R": [
        [
          0.0
        ],
        [
          0.0
        ],
        [
          0.0
        ],
        [
          0.0
        ],
        [
          0.0
        ]
      ],
      "first_raw": [
        -0.12799683205623336,
        -0.12666079724849386,
        -0.12532010448470288,
        -0.12397482799236777,
        -0.12262504299597196
      ],
      "first_pred": [
        -0.4320736669037084,
        -0.5587287137609035,
        -0.5573937711301074,
        -0.5560484948960646,
        -0.5546987098996804
      ],
      "first_label": [
        -0.43207366690370846,
        -0.43207366690370846,
        -0.43207366690370846,
        -0.43207366690370846,
        -0.43207366690370846
      ]
    },
    "phis_c": {
      "variable": "phis_c",
      "out_index": 1,
      "first_x_rows": [
        [
          0.0
        ],
        [
          10.0
        ],
        [
          20.0
        ],
        [
          30.0
        ],
        [
          40.0
        ]
      ],
      "first_x_params_rows": [
        [
          1.0,
          1.0
        ],
        [
          1.0,
          1.0
        ],
        [
          1.0,
          1.0
        ],
        [
          1.0,
          1.0
        ],
        [
          1.0,
          1.0
        ]
      ],
      "first_t_over_rescale_T": [
        [
          0.0
        ],
        [
          0.0010831889081455806
        ],
        [
          0.002166377816291161
        ],
        [
          0.0032495667244367417
        ],
        [
          0.004332755632582322
        ]
      ],
      "first_r_over_rescale_R": [
        [
          0.0
        ],
        [
          0.0
        ],
        [
          0.0
        ],
        [
          0.0
        ],
        [
          0.0
        ]
      ],
      "first_raw": [
        0.22019059534230676,
        0.22046139350602667,
        0.22072810414985675,
        0.2209906952232041,
        0.22124913497002813
      ],
      "first_pred": [
        2.9887029634675617,
        3.2091543480418077,
        3.209431067162464,
        3.209693658690745,
        3.20995209843759
      ],
      "first_label": [
        2.988702963467562,
        2.988448153379505,
        2.9883253011550646,
        2.9882316254264585,
        2.98815279716377
      ]
    },
    "cs_a": {
      "variable": "cs_a",
      "out_index": 2,
      "first_x_rows": [
        [
          0.0,
          0.0
        ],
        [
          0.0,
          7.936507936507937e-07
        ],
        [
          0.0,
          1.5873015873015873e-06
        ],
        [
          0.0,
          2.380952380952381e-06
        ],
        [
          0.0,
          3.1746031746031746e-06
        ]
      ],
      "first_x_params_rows": [
        [
          1.0,
          1.0
        ],
        [
          1.0,
          1.0
        ],
        [
          1.0,
          1.0
        ],
        [
          1.0,
          1.0
        ],
        [
          1.0,
          1.0
        ]
      ],
      "first_t_over_rescale_T": [
        [
          0.0
        ],
        [
          0.0
        ],
        [
          0.0
        ],
        [
          0.0
        ],
        [
          0.0
        ]
      ],
      "first_r_over_rescale_R": [
        [
          0.0
        ],
        [
          0.015873015873015872
        ],
        [
          0.031746031746031744
        ],
        [
          0.04761904761904762
        ],
        [
          0.06349206349206349
        ]
      ],
      "first_raw": [
        0.34156308289406645,
        0.3416946724486325,
        0.3417957918047739,
        0.34187439998954217,
        0.3419382315024322
      ],
      "first_pred": [
        2.7,
        2.7,
        2.7,
        2.7,
        2.7
      ],
      "first_label": [
        2.7,
        2.7,
        2.7,
        2.7,
        2.7
      ]
    },
    "cs_c": {
      "variable": "cs_c",
      "out_index": 3,
      "first_x_rows": [
        [
          0.0,
          0.0
        ],
        [
          0.0,
          2.857142857142857e-08
        ],
        [
          0.0,
          5.714285714285714e-08
        ],
        [
          0.0,
          8.57142857142857e-08
        ],
        [
          0.0,
          1.1428571428571427e-07
        ]
      ],
      "first_x_params_rows": [
        [
          1.0,
          1.0
        ],
        [
          1.0,
          1.0
        ],
        [
          1.0,
          1.0
        ],
        [
          1.0,
          1.0
        ],
        [
          1.0,
          1.0
        ]
      ],
      "first_t_over_rescale_T": [
        [
          0.0
        ],
        [
          0.0
        ],
        [
          0.0
        ],
        [
          0.0
        ],
        [
          0.0
        ]
      ],
      "first_r_over_rescale_R": [
        [
          0.0
        ],
        [
          0.0005714285714285714
        ],
        [
          0.0011428571428571427
        ],
        [
          0.001714285714285714
        ],
        [
          0.0022857142857142855
        ]
      ],
      "first_raw": [
        -0.47293763025508473,
        -0.4730056992748509,
        -0.4730736447543468,
        -0.4731414662412012,
        -0.4732091632820703
      ],
      "first_pred": [
        46.62,
        46.62,
        46.62,
        46.62,
        46.62
      ],
      "first_label": [
        46.62,
        46.62,
        46.62,
        46.62,
        46.62
      ]
    }
  },
  "datasets": {
    "phie": {
      "keys": [
        "x_train",
        "y_train",
        "x_params_train"
      ],
      "x_train_shape": [
        925,
        1
      ],
      "t_stats": {
        "n": 925,
        "min": 0.0,
        "max": 9232.0,
        "mean": 4616.647567567567,
        "std": 2667.205864045141
      },
      "y_train_shape": [
        925,
        1
      ],
      "y_stats": {
        "n": 925,
        "min": -0.8172074473820048,
        "max": -0.43207366690370846,
        "mean": -0.6132939040456957,
        "std": 0.1908448851285778
      },
      "x_params_train_shape": [
        925,
        2
      ]
    },
    "phis_c": {
      "keys": [
        "x_train",
        "y_train",
        "x_params_train"
      ],
      "x_train_shape": [
        925,
        1
      ],
      "t_stats": {
        "n": 925,
        "min": 0.0,
        "max": 9232.0,
        "mean": 4616.647567567567,
        "std": 2667.205864045141
      },
      "y_train_shape": [
        925,
        1
      ],
      "y_stats": {
        "n": 925,
        "min": 2.506884107012498,
        "max": 3.7465719363719545,
        "mean": 3.165358918918919,
        "std": 0.30676991216414295
      },
      "x_params_train_shape": [
        925,
        2
      ]
    },
    "cs_a": {
      "keys": [
        "x_train",
        "y_train",
        "x_params_train"
      ],
      "x_train_shape": [
        59200,
        2
      ],
      "t_stats": {
        "n": 59200,
        "min": 0.0,
        "max": 9232.0,
        "mean": 4616.647567567567,
        "std": 2667.205864045141
      },