{
  "soft_label_dir": "C:\\Users\\Tiga_QJW\\Desktop\\ASSB_Scheme_V1\\PINN-for-ASSB-V1\\Data\\assb_soft_labels_cycle5_v3",
  "generator_flux_function": "integration_spm.spm_int_assb_cycle.surface_flux_from_current",
  "current_source_a": "solution.I_profile aligned_to_data_t",
  "current_source_c": "solution.I_profile aligned_to_data_t",
  "params": {
    "Rs_a": 5e-05,
    "Rs_c": 1.8e-06,
    "eps_s_a": 0.95,
    "eps_s_c": 0.55,
    "V_a": 7.853981633974483e-09,
    "V_c": 1.2566370614359171e-09,
    "F": 96485332.1,
    "R_ohm_eff": 105.0,
    "voltage_alignment_offset_V": -0.11588681607942332,
    "theta_c_bottom": 0.834,
    "theta_c_top": 0.432
  },
  "anode": {
    "n_time": 925,
    "t_min": 0.0,
    "t_max": 9232.0,
    "cbar_min": 2.7003401360544217,
    "cbar_max": 4.928868317949923,
    "dcbar_dt_stats": {
      "mae": 0.00045570220579193064,
      "rmse": 0.0004586358265704692,
      "maxabs": 0.0005256187936850676,
      "mean": 2.693291012697657e-05,
      "std": 0.0004578443401048763
    },
    "minus_3J_over_R_stats": {
      "mae": 0.00045219777664001537,
      "rmse": 0.0004550973437186356,
      "maxabs": 0.0004583942456849616,
      "mean": 2.701004560577701e-05,
      "std": 0.0004542951130004942
    },
    "corr_dcbar_dt_with_minus_3J_over_R": 0.9995930200835673,
    "residual_expected_plus_stats": {
      "mae": 4.871999265552033e-06,
      "rmse": 1.3487168551110363e-05,
      "maxabs": 0.00023956459561959526,
      "mean": -7.713547880042043e-08,
      "std": 1.348694797365107e-05
    },
    "residual_opposite_minus_stats": {
      "mae": 0.0009078999824319459,
      "rmse": 0.0009136404783239109,
      "maxabs": 0.000984013039370029,
      "mean": 5.394295573275358e-05,
      "std": 0.0009120466441793199
    },
    "preferred_sign_by_rmse": "expected_plus",
    "rmse_ratio_expected_over_opposite": 0.01476200854832177
  },
  "cathode": {
    "n_time": 925,
    "t_min": 0.0,
    "t_max": 9232.0,
    "cbar_min": 22.56075397808292,
    "cbar_max": 46.62587301587301,
    "dcbar_dt_stats": {
      "mae": 0.004915939501490853,
      "rmse": 0.004945499348403003,
      "maxabs": 0.00499444099939339,
      "mean": -0.00029571026189083776,
      "std": 0.004936650610086456
    },
    "minus_3J_over_R_stats": {
      "mae": 0.0048816805432728904,
      "rmse": 0.004912982687871633,
      "maxabs": 0.0049485742431899255,
      "mean": -0.00029158571960781953,
      "std": 0.004904322242618971
    },
    "corr_dcbar_dt_with_minus_3J_over_R": 0.9997947637241472,
    "residual_expected_plus_stats": {
      "mae": 5.0191325196928835e-05,
      "rmse": 0.00010488114948182307,
      "maxabs": 0.0018433969004035562,
      "mean": -4.1245422830179396e-06,
      "std": 0.00010480001749801434
    },
    "residual_opposite_minus_stats": {
      "mae": 0.009797620044763746,
      "rmse": 0.009857977750900292,
      "maxabs": 0.009943015242583316,
      "mean": -0.0005872959814986576,
      "std": 0.00984046791404559
    },
    "preferred_sign_by_rmse": "expected_plus",
    "rmse_ratio_expected_over_opposite": 0.010639215479284751
  }
}